Fold,CV Score
1.0,0.9333333333333333
2.0,0.8
3.0,0.8571428571428571
4.0,0.8571428571428571
5.0,0.9285714285714286
3.0,0.8752380952380954
